Voltages,Currents
0.019335937499999997,0.0
0.0064453125,2.9296875e-05
0.01611328125,0.0
0.01611328125,0.0
0.022558593749999998,0.0
0.012890625,0.0
0.019335937499999997,1.46484375e-05
0.02255859375,2.9296875e-05
0.02578125,1.46484375e-05
0.02900390625,0.0
0.0322265625,0.0
0.03544921875,0.0
0.038671874999999994,0.0
0.019335937499999997,0.0
0.04833984375,0.0
0.04833984375,0.0
0.06123046875,0.0001025390625
0.06767578125,0.0
0.0515625,2.9296875e-05
0.06767578125,0.0
0.0708984375,0.0
0.0708984375,0.0
0.0708984375,0.0
0.07412109374999999,0.0
0.0708984375,1.46484375e-05
0.07734374999999999,0.0
0.08056640625,1.46484375e-05
0.08701171875,0.0
0.103125,0.0
0.09990234375,0.0
0.064453125,0.0
0.103125,0.0
0.09990234375,0.0
0.10634765624999999,1.46484375e-05
0.07412109374999999,0.0
0.11923828125,0.0
0.116015625,0.0
0.12246093749999999,0.0
0.12246093749999999,0.0
0.12890624999999997,1.46484375e-05
0.12890624999999997,1.46484375e-05
0.1353515625,0.0
0.1353515625,0.0
0.14501953124999997,1.46484375e-05
0.14501953125,0.0
0.13212890624999998,4.394531249999999e-05
0.15146484375,0.0
0.10634765624999999,0.0
0.1611328125,0.0
0.15791015625,0.0
0.1611328125,0.0
0.15791015625,0.0
0.17080078124999998,0.0
0.17080078124999998,0.0
0.18369140625,0.0
0.17724609375,0.0
0.18046874999999998,0.0
0.19013671875,0.0
0.19013671875,0.0
0.19335937499999997,1.46484375e-05
0.15791015625,0.0
0.19658203124999998,0.0
0.19658203124999998,1.46484375e-05
0.24169921875,0.0
0.20947265624999997,1.46484375e-05
0.20625,0.0
0.21269531249999998,0.0
0.21591796875,5.859375e-05
0.21591796875,0.0
0.22880859374999998,0.0
0.23203125,0.0
0.23525390624999998,0.0
0.23203125,0.0
0.24169921875,0.0
0.24492187499999998,0.0
0.2384765625,0.0
0.24492187499999998,0.0
0.24814453125,0.0
0.24492187499999998,1.46484375e-05
0.24169921875,0.0
0.26103515625,0.0
0.26103515625,0.0
0.26103515624999996,1.46484375e-05
0.27392578125,0.0
0.270703125,2.9296875e-05
0.28359375,0.0
0.28037109374999997,0.0
0.27392578125,0.0
0.28359375,0.0
0.29326171875,0.0
0.219140625,0.000263671875
0.28681640625,1.46484375e-05
0.29326171875,0.0
0.29648437499999997,1.46484375e-05
0.29970703125,0.0
0.30615234375,0.0
0.30615234375,0.0
0.322265625,0.0
0.31259765624999997,0.0
0.31904296875,0.0
0.31904296875,0.0
0.33193359375,0.0
0.33193359375,0.0
0.34160156249999996,0.0
0.348046875,0.0
0.348046875,0.0
0.33193359375,7.32421875e-05
0.34482421874999997,0.0
0.35126953125,0.0
0.3544921875,0.0
0.3544921875,0.0
0.35771484374999996,0.0
0.35771484374999996,0.0
0.36093749999999997,0.0
0.36093749999999997,0.0
0.37705078124999997,0.0
0.37382812499999996,0.0
0.33515625,0.0
0.33515625,0.0
0.39638671875,0.0
0.38671874999999994,2.9296875e-05
0.38994140624999996,0.0
0.399609375,0.0
0.39638671875,0.0
0.39638671875,0.0
0.40605468749999996,0.0
0.399609375,1.46484375e-05
0.40283203125,0.0
0.41572265625,1.46484375e-05
0.3544921875,0.00024902343749999995
0.4125,0.0
0.42539062499999997,0.0
0.4318359375,1.46484375e-05
0.4125,5.859375e-05
0.40605468749999996,0.0
0.4447265625,0.0
0.43828124999999996,1.46484375e-05
0.4447265625,1.46484375e-05
0.43828124999999996,2.9296875e-05
0.45439453124999996,0.0
0.44794921875,0.0
0.45761718749999997,1.46484375e-05
0.45761718749999997,0.0
0.45439453124999996,1.46484375e-05
0.47050781249999996,0.0
0.46728515624999994,2.9296875e-05
0.46728515625,0.0
0.4833984375,0.0
0.44150390624999997,0.0
0.4833984375,0.0
0.48662109374999996,0.0
0.48017578125,0.0
0.46083984375,0.0
0.48662109374999996,1.46484375e-05
0.49951171875,0.0
0.50595703125,0.0
0.46083984375,0.0
0.515625,0.0
0.5091796875,0.0
0.515625,0.0
0.52529296875,0.0
0.51884765625,0.0
0.5091796875,4.394531249999999e-05
0.5220703125,0.0
0.52529296875,4.394531249999999e-05
0.53173828125,0.0
0.5059570312499999,0.0001318359375
0.5478515625,0.0
0.54462890625,1.46484375e-05
0.54462890625,1.46484375e-05
0.5285156249999999,0.0
0.54462890625,1.46484375e-05
0.5478515625,1.46484375e-05
0.56396484375,0.0
0.55751953125,0.0
0.5607421874999999,0.0
0.57041015625,0.0
0.580078125,0.0
0.57041015625,0.0
0.5736328125,1.46484375e-05
0.58974609375,0.0
0.58974609375,0.0
0.58974609375,0.0
0.5865234375,0.0
0.5929687499999999,0.0
0.59296875,1.46484375e-05
0.5865234374999999,2.9296875e-05
0.59619140625,1.46484375e-05
0.61552734375,0.0
0.6026367187499999,2.9296875e-05
0.6123046875,0.0
0.6187499999999999,0.0
0.61552734375,2.9296875e-05
0.6251953124999999,0.0
0.6348632812499999,0.0
0.6251953125,1.46484375e-05
0.6413085937499999,0.0
0.6219726562499999,5.859375e-05
0.64453125,0.0
0.6413085937499999,5.859375e-05
0.6413085937499999,2.9296875e-05
0.6251953124999999,0.0
0.6509765624999999,0.0
0.63486328125,4.394531249999999e-05
0.6670898437499999,0.0
0.6703125,0.0
0.6703125,0.0
0.62841796875,0.000234375
0.6767578125,0.0
0.6703125,0.0
0.657421875,8.789062499999998e-05
0.67998046875,0.0
0.6896484374999999,0.0
0.6832031249999999,0.0
0.68642578125,0.0
0.69287109375,1.46484375e-05
0.6993164062499999,0.0
0.6993164062499999,0.0
0.65419921875,4.394531249999999e-05
0.7154296874999999,0.0
0.708984375,4.394531249999999e-05
0.708984375,0.0
0.71220703125,0.0
0.71220703125,2.9296875e-05
0.72509765625,0.0
0.734765625,0.0
0.7379882812499999,0.0
0.6896484374999999,0.0
0.734765625,0.0
0.734765625,0.0
0.75087890625,0.0
0.7476562499999999,0.0
0.7541015624999999,0.0
0.7218749999999999,5.859375e-05
0.760546875,1.46484375e-05
0.75732421875,0.0
0.7476562499999999,0.0
0.760546875,0.0
0.77666015625,0.0
0.77666015625,0.0
0.7379882812499999,0.0
0.78955078125,0.0
0.78955078125,0.0
0.78310546875,0.0
0.7734374999999999,2.9296875e-05
0.7863281249999999,0.0
0.75087890625,0.0
0.8282226562499999,0.0
0.79921875,1.46484375e-05
0.79921875,0.0
0.8056640624999999,2.9296875e-05
0.7959960937499999,0.0
0.8185546874999999,2.9296875e-05
0.82177734375,0.0
0.81533203125,0.0
0.8185546874999999,0.0
0.8282226562499999,0.0
0.825,0.0
0.8185546874999999,4.394531249999999e-05
0.8443359374999999,0.0
0.8443359374999999,0.0
0.84755859375,0.0
0.84755859375,0.0
0.8507812499999999,2.9296875e-05
0.8024414062499999,2.9296875e-05
0.85400390625,0.0
0.8668945312499999,0.0
0.8572265625,0.0
0.863671875,0.0
0.8282226562499999,0.0
0.8668945312499999,0.0
0.8701171875,0.0
0.8701171875,1.46484375e-05
0.8765624999999999,0.0
0.928125,0.0
0.87978515625,1.46484375e-05
0.889453125,0.0
0.90234375,0.0
0.90234375,0.0
0.8958984375,1.46484375e-05
0.8926757812499999,2.9296875e-05
0.8958984375,1.46484375e-05
0.90556640625,0.0
0.9152343749999999,0.0
0.91845703125,1.46484375e-05
0.91845703125,1.46484375e-05
0.9087890625,4.394531249999999e-05
0.91845703125,0.0
0.9216796875,1.46484375e-05
0.9216796875,2.9296875e-05
0.9345703125,0.0
0.9410156249999999,0.0
0.941015625,4.394531249999999e-05
0.9410156249999999,0.0
0.9571289062499999,0.0
0.93779296875,4.394531249999999e-05
0.8765624999999999,0.00032226562499999996
0.95390625,1.46484375e-05
0.9603515625,0.0
0.9313476562499999,0.0
0.9635742187499999,0.0
0.9732421875,1.46484375e-05
0.97001953125,0.0
0.97001953125,1.46484375e-05
0.97001953125,2.9296875e-05
0.97646484375,0.0
0.9410156249999999,0.0
0.98291015625,1.46484375e-05
0.992578125,0.0
0.98291015625,0.0
1.00224609375,0.0
1.00546875,1.46484375e-05
1.0119140625,0.0
1.01513671875,0.0
1.0086914062499999,0.0
1.0119140625,0.0
1.01513671875,1.46484375e-05
1.03125,0.0
1.0248046874999999,0.0
1.02158203125,0.0
1.0376953125,0.0
1.03447265625,0.0
1.03447265625,0.0
1.0376953125,0.0
1.0409179687499999,0.0
1.044140625,0.0
1.08603515625,0.0
1.0505859375,0.0
1.06025390625,0.0
1.05380859375,1.46484375e-05
1.0570312499999999,0.0
1.07314453125,1.46484375e-05
1.0731445312499999,0.0
1.0828125,0.0
1.0731445312499999,0.0
1.11826171875,0.0
1.07314453125,2.9296875e-05
1.0763671875,2.9296875e-05
1.0892578124999999,0.0
1.0892578125,1.46484375e-05
1.1021484375,0.0
1.1053710937499999,0.0
1.10859375,0.0
1.10537109375,2.9296875e-05
1.11181640625,0.0
1.11181640625,0.0
1.1214843749999999,0.0
1.12470703125,0.0
1.11826171875,1.46484375e-05
1.1247070312499998,4.394531249999999e-05
1.121484375,2.9296875e-05
1.1279296875,0.0
1.147265625,0.0
1.1343750000000001,2.9296875e-05
1.13759765625,1.46484375e-05
1.14404296875,0.0
1.15048828125,0.0
1.16015625,0.0
1.16337890625,0.0
1.1537109374999999,0.0
1.16015625,2.9296875e-05
1.173046875,0.0
1.17626953125,0.0
1.1666015625,0.0
1.11826171875,0.000263671875
1.173046875,1.46484375e-05
1.1794921875,0.0
1.18916015625,0.0
1.19560546875,0.0
1.18271484375,4.394531249999999e-05
1.2374999999999998,0.0
1.2020507812499999,0.0
1.2020507812499999,0.0
1.2020507812499999,0.0
1.2052734375,0.0
1.2181640624999999,0.0
1.2181640624999999,0.0
1.21171875,0.0
1.21494140625,0.0
1.2181640624999999,0.0
1.22138671875,0.0
1.2310546875,0.0
1.2374999999999998,0.0
1.2310546875,0.0
1.22783203125,0.0
1.24716796875,0.0
1.24072265625,0.0
1.2536132812499998,0.0
1.2407226562499998,4.394531249999999e-05
1.224609375,0.0
1.19560546875,4.394531249999999e-05
1.2568359375,0.0
1.2374999999999998,0.0
1.27294921875,0.0
1.3148437499999999,0.0
1.276171875,0.0
1.276171875,0.0
1.27939453125,0.0
1.2858398437499998,0.0
1.2955078125,0.0
1.28583984375,2.9296875e-05
1.2987304687499999,0.0
1.2955078125,0.0
1.30517578125,0.0
1.2955078125,4.394531249999999e-05
1.3019531249999998,0.0
1.3083984375,0.0
1.3148437499999999,1.46484375e-05
1.31806640625,2.9296875e-05
1.31484375,2.9296875e-05
1.327734375,0.0
1.3212890624999998,4.394531249999999e-05
1.33740234375,0.0
1.327734375,0.0
1.36962890625,2.9296875e-05
1.33740234375,0.0
1.3309570312499999,4.394531249999999e-05
1.3341796875,2.9296875e-05
1.353515625,0.0
1.3341796875,2.9296875e-05
1.3502929687499998,0.0
1.35673828125,0.0
1.3599609375,0.0
1.36318359375,2.9296875e-05
1.34384765625,0.0
1.3664062499999998,0.0
1.353515625,2.9296875e-05
1.3792968749999999,0.0
1.3599609375,8.789062499999998e-05
1.3857421875,0.0
1.38896484375,1.46484375e-05
1.4147460937499998,0.0
1.40185546875,0.0
1.40185546875,0.0
1.405078125,0.0
1.4115234374999999,0.0
1.3631835937499999,0.0
1.4147460937499998,0.0
1.41796875,0.0
1.4147460937499998,0.0
1.4147460937499998,0.0
1.4276367187499999,0.0
1.41474609375,1.46484375e-05
1.4244140625,0.0
1.4276367187499999,1.46484375e-05
1.44052734375,0.0
1.43408203125,0.0
1.44052734375,0.0
1.44052734375,2.9296875e-05
1.4469726562499998,0.0
1.456640625,0.0
1.44052734375,5.859375e-05
1.456640625,0.0
1.46630859375,0.0
1.456640625,2.9296875e-05
1.46630859375,0.0
1.456640625,5.859375e-05
1.47275390625,0.0
1.4759765624999999,0.0
1.45341796875,0.0
1.4888671875,1.46484375e-05
1.482421875,0.0
1.4888671875,0.0
1.4953124999999998,0.0
1.4953124999999998,0.0
1.4791992187499998,7.32421875e-05
1.5082031249999999,0.0
1.5146484375,0.0
1.4985351562499998,5.859375e-05
1.51787109375,0.0
1.5114257812499998,0.0
1.5275390624999998,0.0
1.51787109375,0.0
1.53076171875,0.0
1.5243164062499999,0.0
1.53720703125,0.0
1.53076171875,1.46484375e-05
1.533984375,0.0
1.5404296874999999,0.0
1.546875,0.0
1.546875,0.0
1.55009765625,0.0
1.5597656249999998,0.0
1.5565429687499999,0.0
1.56943359375,2.9296875e-05
1.56298828125,0.0
1.5726562499999999,0.0
1.5791015625,0.0
1.5726562499999999,0.0
1.5758789062499998,0.0
1.5758789062499998,0.0
1.57587890625,1.46484375e-05
1.58232421875,1.46484375e-05
1.5919921875,1.46484375e-05
1.5984375,0.0
1.585546875,0.0
1.59521484375,0.0
1.5436523437499998,0.000263671875
1.61455078125,0.0
1.6081054687499998,0.0
1.6048828125,2.9296875e-05
1.6209960937499999,0.0
1.6081054687499998,4.394531249999999e-05
1.62421875,1.46484375e-05
1.6306640625,0.0
1.62744140625,0.0
1.6371093749999999,1.46484375e-05
1.6435546875,0.0
1.6371093749999999,0.0
1.64033203125,1.46484375e-05
1.6435546875,0.0
1.65,0.0
1.63388671875,7.32421875e-05
1.65966796875,1.46484375e-05
1.65,0.0
1.66611328125,0.0
1.65966796875,0.0
1.6532226562499999,0.0
1.6725585937499998,0.0
1.6693359374999999,0.0
1.6693359375,2.9296875e-05
1.67255859375,1.46484375e-05
1.6822265625,0.0
1.6822265625,0.0
1.69189453125,0.0
1.7015624999999999,0.0
1.65,0.0
1.7047851562499998,0.0
1.7047851562499998,0.0
1.714453125,0.0
1.71123046875,1.46484375e-05
1.71123046875,0.0
1.71123046875,0.0
1.72412109375,0.0
1.72412109375,0.0
1.7176757812499999,1.46484375e-05
1.73056640625,0.0
1.73056640625,0.0
1.662890625,0.0003076171875
1.7241210937499998,5.859375e-05
1.73056640625,2.9296875e-05
1.73701171875,1.46484375e-05
1.73701171875,2.9296875e-05
1.7531249999999998,0.0
1.7595703125,1.46484375e-05
1.7595703125,0.0
1.76279296875,0.0
1.7660156249999999,1.46484375e-05
1.7692382812499998,0.0
1.7692382812499998,0.0
1.76279296875,2.9296875e-05
1.76279296875,4.394531249999999e-05
1.7724609375,1.46484375e-05
1.7821289062499999,0.0
1.7853515625,1.46484375e-05
1.791796875,0.0
1.8046875,0.0
1.7853515624999998,4.394531249999999e-05
1.7982421874999999,0.0
1.7466796875,0.000234375
1.8014648437499998,0.0
1.80791015625,0.0
1.8046875,2.9296875e-05
1.8111328125,0.0
1.817578125,1.46484375e-05
1.8079101562499997,4.394531249999999e-05
1.82724609375,0.0
1.8240234375,0.0
1.82724609375,5.859375e-05
1.82724609375,1.46484375e-05
1.8304687499999999,0.0
1.8143554687499999,0.0
1.8369140624999998,4.394531249999999e-05
1.8465820312499999,0.0
1.8498046875,2.9296875e-05
1.90458984375,0.0
1.85625,2.9296875e-05
1.869140625,0.0
1.8659179687499998,0.0
1.8240234375,0.0
1.84013671875,0.00016113281249999998
1.8626953125,2.9296875e-05
1.8755859375,0.0
1.88203125,1.46484375e-05
1.8691406249999998,4.394531249999999e-05
1.8820312499999998,0.0
1.82080078125,0.0003076171875
1.89169921875,0.0
1.89169921875,0.0
1.9013671875,0.0
1.9013671875,0.0
1.9013671875,0.0
1.9078125,0.0
1.920703125,0.0
1.89814453125,2.9296875e-05
1.91748046875,0.0
1.9110351562499999,7.32421875e-05
1.920703125,1.46484375e-05
1.9271484374999999,0.0
1.88525390625,0.0
1.93359375,0.0
1.9464843749999998,0.0
1.93359375,2.9296875e-05
1.9464843749999998,0.0
1.9529296875,0.0
1.94970703125,0.0
1.95615234375,1.46484375e-05
1.95615234375,0.0
1.96259765625,2.9296875e-05
1.9593749999999999,0.0
1.96904296875,1.46484375e-05
1.9754882812499999,0.0
1.98193359375,0.0
1.98193359375,0.0
1.9754882812499999,1.46484375e-05
1.98193359375,0.0
1.98515625,0.0
1.98837890625,0.0
1.9916015624999999,1.46484375e-05
1.9980468749999998,1.46484375e-05
1.9916015624999999,1.46484375e-05
1.9948242187499998,2.9296875e-05
2.0012695312499997,1.46484375e-05
2.0012695312499997,0.0
2.0109375,0.0
2.0077148437499996,1.46484375e-05
2.02705078125,0.0
2.0109375,7.32421875e-05
2.02705078125,0.0
2.075390625,2.9296875e-05
2.0302734375,0.0
2.0302734374999996,1.46484375e-05
2.0431640625,1.46484375e-05
2.03349609375,5.859375e-05
2.0302734375,4.394531249999999e-05
2.04638671875,2.9296875e-05
2.0560546875,0.0
2.03671875,2.9296875e-05
2.05927734375,0.0
2.05927734375,2.9296875e-05
2.0624999999999996,1.46484375e-05
2.0689453125,0.0
2.07216796875,0.0
2.0689453125,0.0
2.07216796875,2.9296875e-05
2.08828125,0.0
2.0818359374999997,0.0
2.08505859375,0.0
2.08505859375,2.9296875e-05
2.09150390625,0.0
2.0979492187499997,0.0
2.07861328125,0.0
2.1076171875,0.0
2.1043945312499996,1.46484375e-05
2.1140624999999997,0.0
2.07861328125,0.00017578124999999997
2.11728515625,0.0
2.0818359374999997,0.0
2.11728515625,4.394531249999999e-05
2.12373046875,0.0
2.11728515625,2.9296875e-05
2.126953125,0.0
2.1333984375,0.0
2.1430664062499996,1.46484375e-05
2.1462890624999997,0.0
2.1205078125,0.0
2.1462890624999997,0.0
2.15595703125,0.0
2.1591796875,0.0
2.126953125,2.9296875e-05
2.15595703125,0.0
2.16884765625,0.0
2.17529296875,0.0
2.14951171875,0.0
2.18173828125,0.0
2.16884765625,2.9296875e-05
2.1849609375,0.0
2.18173828125,0.0
2.15595703125,0.0
2.1946289062499997,0.0
2.1720703125,0.0
2.19140625,0.0
2.20751953125,0.0
2.20751953125,0.0
2.20107421875,2.9296875e-05
2.20751953125,0.0
2.21396484375,0.0
2.1978515625,0.000205078125
2.20751953125,4.394531249999999e-05
2.2236328125,0.0
2.1978515625,0.0
2.2268554687499997,0.0
2.230078125,0.0
2.23330078125,0.0
2.230078125,2.9296875e-05
2.2333007812499996,4.394531249999999e-05
2.2333007812499996,4.394531249999999e-05
2.24619140625,0.0
2.255859375,0.0
2.2590820312499997,0.0
2.255859375,0.0
2.2623046875,2.9296875e-05
2.26552734375,2.9296875e-05
2.24619140625,1.46484375e-05
2.27197265625,0.0
2.27841796875,0.0
2.2751953124999997,1.46484375e-05
2.2880859375,0.0
2.27841796875,2.9296875e-05
2.28486328125,0.0
2.29453125,0.0
2.29453125,1.46484375e-05
2.29775390625,0.0
2.29775390625,2.9296875e-05
2.3009765625,0.0
2.3009765625,1.46484375e-05
2.31708984375,0.0
2.31064453125,0.0
2.3138671874999996,1.46484375e-05
2.31708984375,0.0
2.3203125,0.0
2.29130859375,2.9296875e-05
2.3235351562499997,1.46484375e-05
2.3267578125,1.46484375e-05
2.33642578125,0.0
2.33642578125,0.0
2.384765625,2.9296875e-05
2.3396484374999997,1.46484375e-05
2.3557617187499997,0.0
2.34931640625,0.0
2.3493164062500003,5.859375e-05
2.3654296875,0.0
2.34931640625,2.9296875e-05
2.35576171875,2.9296875e-05
2.3718749999999997,0.0
2.37509765625,0.0
2.3622070312499996,4.394531249999999e-05
2.37509765625,1.46484375e-05
2.38154296875,1.46484375e-05
2.384765625,0.0
2.3879882812499997,0.0
2.39765625,0.0
2.3879882812499997,0.0
2.3912109375,1.46484375e-05
2.39765625,2.9296875e-05
2.39443359375,2.9296875e-05
2.40087890625,2.9296875e-05
2.41376953125,0.0
2.39443359375,5.859375e-05
2.46533203125,0.0
2.38154296875,0.0
2.4459960937500003,5.859375e-05
2.4234375,0.0
2.4298828125,2.9296875e-05
2.4234375,1.46484375e-05
2.4234375,4.394531249999999e-05
2.4298828125,4.394531249999999e-05
2.44921875,0.0
2.4298828125,4.394531249999999e-05
2.44921875,2.9296875e-05
2.4588867187499996,1.46484375e-05
2.4524414062499997,0.0
2.4556640625,0.0
2.4556640625,1.46484375e-05
2.4685546874999997,0.0
2.462109375,1.46484375e-05
2.4653320312499996,1.46484375e-05
2.4749999999999996,0.0
2.4492187499999996,1.46484375e-05
2.4685546874999997,4.394531249999999e-05
2.4846679687499997,1.46484375e-05
2.47822265625,4.394531249999999e-05
2.4685546874999997,7.32421875e-05
2.47822265625,5.859375e-05
2.4911132812499996,1.46484375e-05
2.44921875,4.394531249999999e-05
2.4911132812499996,7.32421875e-05
2.49755859375,5.859375e-05
2.4943359375,4.394531249999999e-05
2.51044921875,0.0
2.50400390625,4.394531249999999e-05
2.513671875,5.859375e-05
2.52978515625,0.0
2.5136718749999996,4.394531249999999e-05
2.5201171875,4.394531249999999e-05
2.5136718749999996,8.789062499999998e-05
2.5201171875,5.859375e-05
2.5201171875,7.32421875e-05
2.5072265625,0.0001318359375
2.51044921875,0.000146484375
2.5362304687499995,8.789062499999998e-05
2.5265625,0.0001171875
2.51044921875,0.0001171875
2.55234375,2.9296875e-05
2.5265625,0.00016113281249999998
2.5201171875,0.00017578124999999997
2.53623046875,0.0001171875
2.5652343749999997,2.9296875e-05
2.5394531249999996,0.000146484375
2.5201171875,0.000205078125
2.54267578125,0.00016113281249999998
2.539453125,0.00017578124999999997
2.5458984375,0.000205078125
2.5458984374999996,0.0001904296875
2.5394531249999996,0.000234375
2.54267578125,0.000234375
2.5587890625,0.0001904296875
2.5555664062499996,0.0002197265625
2.5458984374999996,0.000263671875
2.54912109375,0.0002783203125
2.5458984375,0.00029296875
2.55234375,0.000263671875
2.55556640625,0.0002783203125
2.5587890625,0.000263671875
2.616796875,0.00029296875
2.5587890625,0.0002783203125
2.56845703125,0.00029296875
2.56201171875,0.00032226562499999996
2.5587890625,0.00032226562499999996
2.565234375,0.00035156249999999993
2.5716796874999996,0.0003369140625
2.5491210937499997,0.00041015625
2.57490234375,0.0003662109375
2.57490234375,0.0003369140625
2.578125,0.0003662109375
2.60712890625,0.0002197265625
2.58779296875,0.00035156249999999993
2.6039062499999996,0.000380859375
2.5716796874999996,0.000439453125
2.58134765625,0.00042480468749999994
2.5716796874999996,0.000439453125
2.5716796874999996,0.00048339843749999994
2.5716796874999996,0.0005126953125
2.5716796874999996,0.0005126953125
2.578125,0.0005126953125
2.5813476562499997,0.00048339843749999994
2.5845703125,0.00048339843749999994
2.56201171875,0.0005859375
2.5233398437499996,0.00052734375
2.591015625,0.0005126953125
2.5813476562499997,0.0005859375
2.578125,0.0005712890625
2.5716796875,0.000615234375
2.5265625,0.0005859375
2.591015625,0.000556640625
2.6039062499999996,0.000556640625
2.5974609374999997,0.0006005859374999999
2.6006835937499995,0.0006005859374999999
2.5813476562499997,0.000673828125
2.63935546875,0.00042480468749999994
2.59423828125,0.0006884765625
2.5974609374999997,0.0006591796875
2.5845703125,0.0007177734375
2.6039062499999996,0.000673828125
2.6425781249999996,0.0007031249999999999
2.60712890625,0.000673828125
2.5974609375,0.0007177734375
2.6039062499999996,0.000732421875
2.60712890625,0.0007177734375
2.60390625,0.00076171875
2.5974609374999997,0.00076171875
2.5716796874999996,0.0009228515625
2.5974609374999997,0.0008203125
2.60712890625,0.0007763671874999999
2.6103515625,0.0007910156249999999
2.6039062499999996,0.0008056640625
2.60712890625,0.0008056640625
2.60712890625,0.0008203125
2.6296874999999997,0.0008349609375
2.616796875,0.0008349609375
2.616796875,0.0008496093749999999
2.68125,0.0005419921874999999
2.60712890625,0.00087890625
2.5974609374999997,0.0009521484375
2.6361328124999996,0.0009521484375
2.6232421875,0.0008935546874999999
2.60712890625,0.0009667968749999999
2.616796875,0.0009521484375
2.6941406249999997,0.000615234375
2.6232421875,0.0009375
2.60712890625,0.0010107421875
2.60068359375,0.001025390625
2.62646484375,0.0009814453125
2.68125,0.000732421875
2.616796875,0.0009960937499999998
2.6135742187499997,0.0010400390625
2.65546875,0.0008642578124999999
2.6232421875,0.001025390625
2.6103515625,0.0010986328125
2.61357421875,0.0010839843749999999
2.6876953125,0.0008056640625
2.6232421875,0.0010986328125
2.6296874999999997,0.0010986328125
2.6135742187499997,0.001171875
2.62646484375,0.0011279296875
2.63291015625,0.0011279296875
2.6200195312499996,0.001171875
2.62646484375,0.0011572265625
2.55234375,0.0015380859375
2.6264648437499996,0.0011865234375
2.6200195312499996,0.0012451171875
2.6200195312499996,0.0012451171875
2.62646484375,0.0012451171875
2.616796875,0.0012744140625
2.5620117187499996,0.0015820312499999999
2.63935546875,0.0012451171875
2.5458984374999996,0.001259765625
2.6167968749999995,0.0013330078125
2.68447265625,0.0013037109375
2.62646484375,0.001318359375
2.616796875,0.001376953125
2.6296874999999997,0.0013330078125
2.6264648437499996,0.0013330078125
2.6200195312499996,0.0013916015625
2.6232421875,0.0013916015625
2.6329101562499995,0.0014062499999999997
2.70380859375,0.0010839843749999999
2.62646484375,0.0013916015625
2.6490234375,0.001376953125
2.63291015625,0.0014208984374999999
2.642578125,0.0014208984374999999
2.6361328124999996,0.001435546875
2.63935546875,0.00146484375
2.5845703125,0.0017285156249999998
2.62646484375,0.0015234375
2.63291015625,0.0015087890625
2.6490234375,0.0014941406249999998
2.63291015625,0.0015380859375
2.70703125,0.00123046875
2.642578125,0.0015234375
2.6490234374999995,0.0015527343749999999
2.5877929687499996,0.0018310546875
2.62646484375,0.0016259765624999998
2.6361328124999996,0.001611328125
2.6522460937499996,0.0015820312499999999
2.642578125,0.0015966796875
2.668359375,0.0015234375
2.64580078125,0.0016259765624999998
2.63935546875,0.001669921875
2.6361328125,0.0017138671875
2.64580078125,0.0016992187499999998
2.6425781249999996,0.0017285156249999998
2.63935546875,0.0017431640625
2.66513671875,0.0016552734374999998
2.63935546875,0.0017578125
2.6490234375,0.0017138671875
2.6458007812499997,0.0017871093749999999
2.6522460937499996,0.0017578125
2.7005859374999996,0.0014794921875
2.64580078125,0.0017724609374999997
2.65546875,0.0018017578125
2.65546875,0.0018017578125
2.642578125,0.0018310546875
2.6522460937499996,0.0018310546875
2.65546875,0.0018310546875
2.6361328124999996,0.001904296875
2.6490234375,0.0018603515624999998
2.6619140625,0.001845703125
2.66513671875,0.0018603515624999998
2.6586914062499996,0.001875
2.7005859374999996,0.001904296875
2.63935546875,0.0019189453124999999
2.6296874999999997,0.0019482421874999999
2.6586914062499996,0.0019482421874999999
2.67802734375,0.001845703125
2.67158203125,0.0019335937499999998
2.65869140625,0.0019775390625
2.71669921875,0.0020068359374999997
2.66513671875,0.001962890625
2.66513671875,0.0020068359374999997
2.6522460937499996,0.0020654296874999998
2.64580078125,0.0020654296874999998
2.64580078125,0.0020361328125
2.65869140625,0.002080078125
2.6651367187499995,0.0020654296874999998
2.6522460937499996,0.0020947265625
2.5813476562499997,0.0024462890625
2.6619140624999997,0.0020947265625
2.6876953125,0.0019921874999999996
2.65546875,0.0021240234375
2.6619140625,0.002109375
2.65869140625,0.002138671875
2.67158203125,0.002109375
2.65546875,0.0021240234375
2.65869140625,0.0021240234375
2.65546875,0.0021533203124999996
2.66513671875,0.002109375
2.6619140625,0.002109375
2.65546875,0.002109375
2.66513671875,0.0021240234375
2.65869140625,0.002138671875
2.65224609375,0.0021533203124999996
2.6619140624999997,0.0021240234375
2.68125,0.0021240234375
2.65546875,0.0021240234375
2.65546875,0.002109375
2.66513671875,0.0020947265625
2.6619140625,0.002109375
2.6683593749999996,0.0021240234375
2.66513671875,0.002109375
2.63935546875,0.0022119140624999997
2.65546875,0.0021240234375
2.67158203125,0.002109375
2.65546875,0.002138671875
2.6619140625,0.002109375
2.65869140625,0.002138671875
2.65869140625,0.0021240234375
2.65546875,0.0021240234375
2.6619140625,0.002109375
2.65546875,0.0021240234375
2.65869140625,0.002109375
2.6490234375,0.002109375
2.6458007812499997,0.0021679687499999998
2.66513671875,0.002109375
2.6619140624999997,0.0021240234375
2.6522460937499996,0.002138671875
2.6522460937499996,0.0021240234375
2.7392578125,0.0022119140624999997
2.7166992187499996,0.0020947265625
2.6651367187499995,0.002138671875
2.5716796874999996,0.0025048828125
2.66513671875,0.0020947265625
2.66513671875,0.002109375
